[
  {
    "query": "Traditional meat shawarma for menu display",
    "image_info": {
      "url": "https://thesaltandsweet.com/wp-content/uploads/2022/02/wp-1644343740374-576x1024.jpg",
      "img_format": "JPEG",
      "mode": "RGB",
      "file_size": 52248,
      "width": 576,
      "height": 1024,
      "total_pixels": 589824,
      "basic_score": 0.8577431229256406,
      "file_name": "traditional_arabic_meat_shawarma_wrap_plate.jpg"
    },
    "llm_score": {
      "success": true,
      "relevance_score": 98.0,
      "clarity_score": 90.0,
      "watermark_score": 60.0,
      "overall_score": 85.0,
      "explanation": "The image is highly relevant to the search query, clearly depicting a traditional Arabic meat shawarma that looks appetizing and is well-suited for a menu display. The clarity is excellent, showcasing the details of the ingredients. However, there is a small watermark at the bottom center ('The Salt and Sweet Kitchen') which reduces its watermark score.",
      "file_name": "traditional_arabic_meat_shawarma_wrap_plate.jpg",
      "caption": "A close-up, appetizing photograph of a traditional Arabic meat shawarma wrap, generously filled with grilled, seasoned meat, vibrant red onions, pickled vegetables, and a creamy white sauce, garnished with fresh chopped parsley. The wrap is neatly presented on a pristine white plate, with one end wrapped in aluminum foil, suggesting it's ready to be served. A blurry background hints at a larger spread with more meat and fresh vegetables, enhancing the overall appeal.",
      "recommend": true,
      "error": ""
    }
  },
  {
    "query": "Traditional meat shawarma for menu display",
    "image_info": {
      "url": "https://www.oliveandmango.com/images/uploads/2022_03_18_beef_shawarma_2.jpg",
      "img_format": "JPEG",
      "mode": "RGB",
      "file_size": 959065,
      "width": 1000,
      "height": 1500,
      "total_pixels": 1500000,
      "basic_score": 0.8677822720765436,
      "file_name": "traditional_arabic_meat_shawarma_platter_with_sides.jpg"
    },
    "llm_score": {
      "success": true,
      "relevance_score": 98.0,
      "clarity_score": 95.0,
      "watermark_score": 100.0,
      "overall_score": 97.0,
      "explanation": "The image is highly relevant to traditional meat shawarma, featuring a beautifully arranged platter with classic Middle Eastern accompaniments. The clarity is excellent, showcasing the textures and colors of the food. There are no watermarks, and the overall composition and professional quality make it ideal for a menu display.",
      "file_name": "traditional_arabic_meat_shawarma_platter_with_sides.jpg",
      "caption": "An overhead shot of a delectable, traditional Arabic meat shawarma platter, generously piled with thinly sliced, spiced meat and garnished with fresh parsley and lemon wedges. The main dish is artfully surrounded by classic Middle Eastern side dishes including creamy hummus, vibrant tabbouleh salad, crisp pickled cucumbers and turnips, sliced pita bread, and a bowl of garlic sauce (toum), all presented on a rustic background.",
      "recommend": true,
      "error": ""
    }
  },
  {
    "query": "Traditional meat shawarma for menu display",
    "image_info": {
      "url": "https://feelgoodfoodie.net/wp-content/uploads/2018/05/Beef-Shawarma-Wrap-7-1.jpg",
      "img_format": "JPEG",
      "mode": "RGB",
      "file_size": 48146,
      "width": 640,
      "height": 960,
      "total_pixels": 614400,
      "basic_score": 0.8683735618824981,
      "file_name": "traditional_meat_shawarma_with_fries_menu_display.jpg"
    },
    "llm_score": {
      "success": true,
      "relevance_score": 95.0,
      "clarity_score": 90.0,
      "watermark_score": 100.0,
      "overall_score": 92.0,
      "explanation": "The image is highly relevant, depicting a meat shawarma with traditional accompaniments like pickles and a white sauce, served with fries, making it ideal for a menu display. The clarity is excellent, showcasing the details and textures of the food, and there are no visible watermarks. The composition and lighting are professional, making the dish look very appetizing.",
      "file_name": "traditional_meat_shawarma_with_fries_menu_display.jpg",
      "caption": "A delicious and traditional Arabic meat shawarma wrap, generously filled with seasoned meat, fresh lettuce, tomatoes, onions, and vibrant pickled vegetables, drizzled with white garlic sauce. The shawarma is partially wrapped in aluminum foil and served alongside golden crispy french fries on a rustic white plate. A bowl of creamy dipping sauce and fresh mint leaves are visible in the background, enhancing the appeal of this authentic dish.",
      "recommend": true,
      "error": ""
    }
  },
  {
    "query": "Traditional meat shawarma for menu display",
    "image_info": {
      "url": "https://amiraspantry.com/wp-content/uploads/2020/11/beef-shawarma-recipe-IG.jpg",
      "img_format": "JPEG",
      "mode": "RGB",
      "file_size": 92537,
      "width": 1200,
      "height": 1200,
      "total_pixels": 1440000,
      "basic_score": 0.8777190941592069,
      "file_name": "traditional_arabic_meat_shawarma_wrap.jpg"
    },
    "llm_score": {
      "success": true,
      "relevance_score": 100.0,
      "clarity_score": 90.0,
      "watermark_score": 100.0,
      "overall_score": 90.0,
      "explanation": "The image perfectly matches the search query and prompt, clearly displaying traditional meat shawarma with excellent clarity and appetizing presentation. The composition and lighting are very professional, making it ideal for a menu display.",
      "file_name": "traditional_arabic_meat_shawarma_wrap.jpg",
      "caption": "A close-up, appetizing photograph of two traditional Arabic meat shawarma wraps, cut in half to showcase their flavorful fillings. The wraps feature succulent slices of seasoned meat, fresh green lettuce, and vibrant red and yellow bell peppers, all neatly folded within soft, lightly grilled flatbread. They are presented on a subtle dark green plate, with a blurred white sauce in the background, enhancing the culinary appeal.",
      "recommend": true,
      "error": ""
    }
  },
  {
    "query": "Traditional meat shawarma for menu display",
    "image_info": {
      "url": "https://cookingtheglobe.com/wp-content/uploads/2016/07/beef-shawarma.jpg",
      "img_format": "JPEG",
      "mode": "RGB",
      "file_size": 64006,
      "width": 1200,
      "height": 800,
      "total_pixels": 960000,
      "basic_score": 0.9294641183777766,
      "file_name": "traditional_arabic_meat_shawarma_wrap_menu_display.jpg"
    },
    "llm_score": {
      "success": true,
      "relevance_score": 95.0,
      "clarity_score": 95.0,
      "watermark_score": 100.0,
      "overall_score": 95.0,
      "explanation": "The image perfectly depicts a traditional meat shawarma, featuring fresh, appetizing ingredients and presented in a professionally styled manner. The clarity is excellent, highlighting the textures and vibrant colors, making it highly suitable for a menu display. The composition is appealing with good depth of field and no watermarks.",
      "file_name": "traditional_arabic_meat_shawarma_wrap_menu_display.jpg",
      "caption": "A professionally styled photograph showcasing two traditional meat shawarma wraps, with one in sharp focus in the foreground. The appetizing wrap reveals slices of seasoned meat, crisp green lettuce, vibrant red onion, halved cherry tomatoes, and pickles, all drizzled with a creamy white sauce and encased in a soft flatbread. One wrap is partially encased in decorative, text-printed paper. Scattered around on the textured grey surface are additional fresh ingredients such as cherry tomatoes, red onion slices, and pickles, enhancing the overall presentation. The image utilizes a shallow depth of field to draw attention to the main subject, making it ideal for a restaurant menu or food advertisement.",
      "recommend": true,
      "error": ""
    }
  },
  {
    "query": "Professional photo of shawarma being prepared on vertical spit for hero section",
    "image_info": {
      "url": "https://images.squarespace-cdn.com/content/v1/5d40bab35dafc600012f85c2/1589734615510-WGLG7S3U8W6QCGO02042/chicken%2Bshwarma%2Bspit.jpg?format=2500w",
      "img_format": "WEBP",
      "mode": "RGB",
      "file_size": 236288,
      "width": 888,
      "height": 1333,
      "total_pixels": 1183704,
      "basic_score": 0.9149462277984594,
      "file_name": "professional_chicken_shawarma_vertical_spit_cooking.jpg"
    },
    "llm_score": {
      "success": true,
      "relevance_score": 100.0,
      "clarity_score": 95.0,
      "watermark_score": 100.0,
      "overall_score": 95.0,
      "explanation": "This image is perfectly relevant to both the search query and the prompt. It features a large, appetizing block of chicken shawarma on a vertical spit, clearly in the process of cooking or preparing to be served. The photo is professional quality, with excellent clarity, sharp focus on the food, and good lighting that highlights the textures and golden-brown marinade. There are no visible watermarks. The composition is strong, making it ideal for a hero section.",
      "file_name": "professional_chicken_shawarma_vertical_spit_cooking.jpg",
      "caption": "A mouth-watering close-up of seasoned chicken shawarma roasting on a vertical spit, with a lemon wedge adorning the top, and delicious drippings collecting below. The golden-brown marinated chicken is shown in a professional, appetizing manner, ready to be carved and served.",
      "recommend": true,
      "error": ""
    }
  },
  {
    "query": "Professional photo of shawarma being prepared on vertical spit for hero section",
    "image_info": {
      "url": "https://www.themediterraneandish.com/wp-content/uploads/2024/06/TMD-June-Chicken-Shawarma-Step-05.jpg",
      "img_format": "JPEG",
      "mode": "RGB",
      "file_size": 122479,
      "width": 1200,
      "height": 800,
      "total_pixels": 960000,
      "basic_score": 0.935279943774345,
      "file_name": "basting_chicken_shawarma_vertical_spit_grill.jpg"
    },
    "llm_score": {
      "success": true,
      "relevance_score": 95.0,
      "clarity_score": 90.0,
      "watermark_score": 100.0,
      "overall_score": 92.0,
      "explanation": "The image is highly relevant, showing seasoned chicken stacked vertically, being basted while cooking, strongly resembling shawarma preparation on a spit. The clarity, lighting, and composition are excellent, making it a professional-grade photo suitable for a hero section.",
      "file_name": "basting_chicken_shawarma_vertical_spit_grill.jpg",
      "caption": "A professional close-up shot of seasoned chicken and onion slices stacked on a vertical spit, being basted with a silicone brush while cooking on an outdoor grill. The chicken exhibits rich, golden-brown charring, and savory juices collect in the pan below, highlighting the delicious preparation process.",
      "recommend": true,
      "error": ""
    }
  },
  {
    "query": "Professional photo of shawarma being prepared on vertical spit for hero section",
    "image_info": {
      "url": "https://ranasrecipe.com/wp-content/uploads/2025/03/IMG_6828.jpg",
      "img_format": "JPEG",
      "mode": "RGB",
      "file_size": 159422,
      "width": 675,
      "height": 1200,
      "total_pixels": 810000,
      "basic_score": 0.8945680343165728,
      "file_name": "professional_chicken_shawarma_vertical_spit.jpg"
    },
    "llm_score": {
      "success": true,
      "relevance_score": 95.0,
      "clarity_score": 90.0,
      "watermark_score": 100.0,
      "overall_score": 88.0,
      "explanation": "The image is highly relevant to both the search query and prompt, clearly showing marinated meat (strongly resembling chicken shawarma) on a vertical spit. It is clear, well-lit, and professionally composed, with the main subject in sharp focus. There are no watermarks. The background is a bit plain and slightly overexposed, which slightly diminishes its impact as a 'hero section' image, but the overall quality of the food presentation is excellent.",
      "file_name": "professional_chicken_shawarma_vertical_spit.jpg",
      "caption": "A professional, close-up photograph showcasing a large stack of marinated shawarma meat, likely chicken, on a vertical spit. The richly spiced, golden-brown meat is cooking in a metal pan, accumulating savory juices, with fresh salad ingredients visible and blurred in the background.",
      "recommend": true,
      "error": ""
    }
  },
  {
    "query": "Professional photo of shawarma being prepared on vertical spit for hero section",
    "image_info": {
      "url": "https://www.closetcooking.com/wp-content/uploads/2021/09/Roast-Chicken-Gyros-1200-4547.jpg",
      "img_format": "JPEG",
      "mode": "RGB",
      "file_size": 263722,
      "width": 800,
      "height": 1200,
      "total_pixels": 960000,
      "basic_score": 0.9202913489083336,
      "file_name": "professional_chicken_shawarma_vertical_spit_carved.jpg"
    },
    "llm_score": {
      "success": true,
      "relevance_score": 95.0,
      "clarity_score": 98.0,
      "watermark_score": 100.0,
      "overall_score": 97.0,
      "explanation": "The image is highly relevant to the search query and prompt, clearly depicting a professional shot of chicken shawarma on a vertical spit with some pieces already carved. The clarity, lighting, and composition are excellent, making it ideal for a hero section. The only minor deviation from 'cooking' is that it appears to be freshly carved from a cooked spit, rather than actively spinning over a flame, but still perfectly fits the 'prepared' aspect.",
      "file_name": "professional_chicken_shawarma_vertical_spit_carved.jpg",
      "caption": "A professional, close-up photograph showcasing succulent, freshly carved chicken shawarma. The spiced chicken is stacked on a vertical spit, with tender slices visible, resting on a black wire rack over aluminum foil. A red and white checkered cloth in the soft-focus background adds a touch of warmth to the scene, emphasizing the delicious and appetizing nature of the meal.",
      "recommend": true,
      "error": ""
    }
  },
  {
    "query": "Professional photo of shawarma being prepared on vertical spit for hero section",
    "image_info": {
      "url": "https://ranasrecipe.com/wp-content/uploads/2025/03/IMG_6765.jpg",
      "img_format": "JPEG",
      "mode": "RGB",
      "file_size": 158292,
      "width": 675,
      "height": 1200,
      "total_pixels": 810000,
      "basic_score": 0.8944592874152636,
      "file_name": "marinated_chicken_shawarma_vertical_spit_prepared.jpg"
    },
    "llm_score": {
      "success": true,
      "relevance_score": 90.0,
      "clarity_score": 90.0,
      "watermark_score": 100.0,
      "overall_score": 88.0,
      "explanation": "The image is highly relevant, clearly depicting a large, well-marinated shawarma cone on a vertical spit, ready for cooking. The clarity is excellent with sharp focus on the subject and good detail in the marinade. There are no watermarks. The composition is professional, with good lighting and a clean background, making it suitable for a hero section. While it doesn't show active carving or browning, it effectively conveys the 'prepared' aspect of shawarma on a spit.",
      "file_name": "marinated_chicken_shawarma_vertical_spit_prepared.jpg",
      "caption": "A professional, close-up photograph of a large, conical stack of heavily seasoned chicken shawarma, richly coated in a vibrant golden-orange marinade, mounted on a vertical cooking spit. The base of the meat rests in a metallic tray, collecting savory drippings. The background is softly blurred and lightly toned, ensuring the delicious-looking shawarma is the main focus.",
      "recommend": true,
      "error": ""
    }
  },
  {
    "query": "Appetizing chicken shawarma wrap for menu section",
    "image_info": {
      "url": "https://theoregondietitian.com/wp-content/uploads/2024/04/ChickenShawarmaWraps1-1200x1800-1.jpg",
      "img_format": "JPEG",
      "mode": "RGB",
      "file_size": 232132,
      "width": 1200,
      "height": 1800,
      "total_pixels": 2160000,
      "basic_score": 0.6654444644873473,
      "file_name": "appetizing_chicken_shawarma_wrap_fresh_vegetables.jpg"
    },
    "llm_score": {
      "success": true,
      "relevance_score": 100.0,
      "clarity_score": 95.0,
      "watermark_score": 100.0,
      "overall_score": 98.0,
      "explanation": "The image perfectly matches the search query and prompt, showcasing an appetizing chicken shawarma wrap with fresh vegetables. The clarity, composition, and lighting are excellent, making it ideal for a menu section. There are no watermarks.",
      "file_name": "appetizing_chicken_shawarma_wrap_fresh_vegetables.jpg",
      "caption": "An appetizing chicken shawarma wrap, partially unwrapped to reveal tender chicken, fresh tomato slices, crisp cucumber, and green spinach, drizzled with a creamy white sauce. Scattered fresh dill, spinach leaves, and a tomato slice garnish the white background, highlighting the freshness of the ingredients. Ideal for a restaurant menu.",
      "recommend": true,
      "error": ""
    }
  },
  {
    "query": "Appetizing chicken shawarma wrap for menu section",
    "image_info": {
      "url": "https://theoregondietitian.com/wp-content/uploads/2024/04/ChickenShawarmaWraps3-1200x1800-1.jpg",
      "img_format": "JPEG",
      "mode": "RGB",
      "file_size": 242922,
      "width": 1200,
      "height": 1800,
      "total_pixels": 2160000,
      "basic_score": 0.6662568995637591,
      "file_name": "appetizing_chicken_shawarma_pita_fresh_vegetables.jpg"
    },
    "llm_score": {
      "success": true,
      "relevance_score": 95.0,
      "clarity_score": 95.0,
      "watermark_score": 100.0,
      "overall_score": 95.0,
      "explanation": "The image is highly relevant to the search query, depicting an appetizing open-faced chicken pita that strongly resembles a chicken shawarma wrap with fresh vegetables. The clarity is excellent, composition is professional, and there are no watermarks. It is perfectly suited for a menu section.",
      "file_name": "appetizing_chicken_shawarma_pita_fresh_vegetables.jpg",
      "caption": "An overhead shot of an appetizing open-faced chicken shawarma pita, featuring perfectly grilled and sliced chicken breast, fresh green spinach, crisp cucumber slices, and a generous drizzle of creamy tzatziki-style sauce. The warm pita bread has distinctive grill marks, and the dish is garnished with fresh dill, with sliced tomatoes and additional spinach leaves subtly placed in the background on a light-colored surface, highlighting its freshness.",
      "recommend": true,
      "error": ""
    }
  },
  {
    "query": "Appetizing chicken shawarma wrap for menu section",
    "image_info": {
      "url": "https://www.lemonblossoms.com/wp-content/uploads/2020/06/Chicken-Shawarma-Recipe-14.jpg",
      "img_format": "JPEG",
      "mode": "RGB",
      "file_size": 95978,
      "width": 1200,
      "height": 1800,
      "total_pixels": 2160000,
      "basic_score": 0.6541375992066766,
      "file_name": "appetizing_chicken_shawarma_wrap_fresh_vegetables.jpg_25"
    },
    "llm_score": {
      "success": true,
      "relevance_score": 95.0,
      "clarity_score": 98.0,
      "watermark_score": 100.0,
      "overall_score": 97.0,
      "explanation": "The image perfectly matches the search query and prompt. It clearly displays an appetizing chicken wrap, likely a shawarma or gyro, packed with fresh vegetables like tomatoes, cucumber, red onion, and greens, along with seasoned chicken and feta cheese. The clarity is excellent, with sharp focus on the main subject and a pleasing bokeh background. There are no watermarks, and the overall composition, lighting, and food styling are highly professional and visually appealing, making it ideal for a menu section.",
      "file_name": "appetizing_chicken_shawarma_wrap_fresh_vegetables.jpg",
      "caption": "A close-up of a delicious chicken shawarma or gyro wrap, bursting with seasoned chicken pieces, vibrant red tomatoes, crisp green cucumber, fresh red onion, and leafy greens, drizzled with a creamy white sauce and crumbled feta cheese. The wrap is neatly tucked into a soft pita bread, partially wrapped in paper, with another wrap and sliced chicken on a wooden board in the blurred background. Photographed with bright, natural lighting on a white marble surface, perfect for a food menu.",
      "recommend": true,
      "error": ""
    }
  },
  {
    "query": "Clean modern food truck exterior for location section",
    "image_info": {
      "url": "https://www.shutterstock.com/image-photo/dubai-uae-nov-27-2016-600nw-548182378.jpg",
      "img_format": "JPEG",
      "mode": "RGB",
      "file_size": 97039,
      "width": 600,
      "height": 400,
      "total_pixels": 240000,
      "basic_score": 0.7732130173143862,
      "file_name": "modern_food_truck_park_exterior_gourmet_coffee_pizza.jpg"
    },
    "llm_score": {
      "success": true,
      "relevance_score": 65.0,
      "clarity_score": 98.0,
      "watermark_score": 100.0,
      "overall_score": 88.0,
      "explanation": "The image clearly depicts clean, modern food truck exteriors within a location setting, aligning well with the prompt. One truck is an off-white Airstream-style, partially matching 'white' from the query, and green foliage is present in the foreground. However, the trucks do not specifically appear 'Arabic,' nor is 'green' a dominant color for the trucks themselves, which lowers the relevance score to the search query. The overall image quality is excellent.",
      "file_name": "modern_food_truck_park_exterior_gourmet_coffee_pizza.jpg",
      "caption": "An outdoor food truck park features an off-white 'Gourmet Coffee' Airstream-style truck and a light blue 'Don Pizza' truck. The scene includes rustic wooden picnic tables and benches, with gravel pathways and lush green plants in wooden planters, under a clear sky.",
      "recommend": true,
      "error": ""
    }
  },
  {
    "query": "Clean modern food truck exterior for location section",
    "image_info": {
      "url": "https://s3-media0.fl.yelpcdn.com/bphoto/aTHiZXJaE5yDDeSPmnx9oQ/348s.jpg",
      "img_format": "JPEG",
      "mode": "RGB",
      "file_size": 31716,
      "width": 348,
      "height": 348,
      "total_pixels": 121104,
      "basic_score": 0.7166667545875225,
      "file_name": "green_mediterranean_cuisine_food_truck_exterior.jpg"
    },
    "llm_score": {
      "success": true,
      "relevance_score": 90.0,
      "clarity_score": 70.0,
      "watermark_score": 100.0,
      "overall_score": 75.0,
      "explanation": "The image is highly relevant, depicting a green food truck with white branding for 'Mediterranean Cuisine' and a Halal symbol, which aligns well with 'arabic food truck exterior white green'. It appears clean and suitable for a location section. However, the image lacks sharpness and is somewhat blurry, affecting the overall clarity.",
      "file_name": "green_mediterranean_cuisine_food_truck_exterior.jpg",
      "caption": "A vibrant green food truck, featuring 'Mediterranean Cuisine' in bold white lettering and a Halal symbol on its side. A contact number (202-217-7089) is visible near the bottom. The truck is parked outdoors with trees in the background, showcasing its clean exterior ideal for a location section.",
      "recommend": true,
      "error": ""
    }
  },
  {
    "query": "Mixed chicken and meat shawarma for combo menu",
    "image_info": {
      "url": "https://145129077.cdn6.editmysite.com/uploads/1/4/5/1/145129077/K2UBVCZ5LNVQBQZAJY4CRNPX.jpeg",
      "img_format": "JPEG",
      "mode": "RGB",
      "file_size": 150164,
      "width": 1284,
      "height": 827,
      "total_pixels": 1061868,
      "basic_score": 0.9383584108035493,
      "file_name": "mixed-chicken-beef-shawarma-platter-combo-meal.jpg"
    },
    "llm_score": {
      "success": true,
      "relevance_score": 100.0,
      "clarity_score": 95.0,
      "watermark_score": 100.0,
      "overall_score": 98.0,
      "explanation": "The image perfectly matches the search query and prompt, showcasing a mixed chicken and meat shawarma platter with rice and salad, ideal for a combo menu. It is very clear, well-lit, and professionally composed, with no watermarks.",
      "file_name": "mixed-chicken-beef-shawarma-platter-combo-meal.jpg",
      "caption": "A vibrant and appetizing mixed shawarma platter featuring tender chicken shawarma and flavorful beef (or lamb) shawarma, served alongside fragrant yellow rice, a fresh garden salad with tomatoes and cucumbers, and a side of creamy sauce, presented on a white plate.",
      "recommend": true,
      "error": ""
    }
  },
  {
    "query": "Mixed chicken and meat shawarma for combo menu",
    "image_info": {
      "url": "https://silkroadrecipes.com/wp-content/uploads/2024/06/Chicken-Shawarma-square.jpg",
      "img_format": "JPEG",
      "mode": "RGB",
      "file_size": 121218,
      "width": 1200,
      "height": 1200,
      "total_pixels": 1440000,
      "basic_score": 0.8803723088655192,
      "file_name": "spicy_chicken_shawarma_flatbread_meal_salad.jpg"
    },
    "llm_score": {
      "success": true,
      "relevance_score": 70.0,
      "clarity_score": 95.0,
      "watermark_score": 100.0,
      "overall_score": 90.0,
      "explanation": "The image clearly depicts appetizing chicken shawarma, which is highly relevant to the 'chicken' aspect of the query and prompt. The inclusion of a side salad supports the 'combo menu' idea. However, it lacks other types of 'meat' (e.g., beef, lamb) that would fulfill the 'mixed meat' component of the search query and prompt. The clarity, composition, and professional quality are excellent.",
      "file_name": "spicy_chicken_shawarma_flatbread_meal_salad.jpg",
      "caption": "A vibrant close-up photograph showcasing freshly sliced, heavily spiced chicken shawarma, artfully arranged on a sesame-seed flatbread. The chicken pieces exhibit a rich, dark seasoning and tender texture, indicating a flavorful preparation. In the softly blurred background, a colorful side dish of salad or salsa, featuring chickpeas, diced red onion, bell peppers, and cucumber, suggests a complete and appealing combo meal.",
      "recommend": true,
      "error": ""
    }
  },
  {
    "query": "Mixed chicken and meat shawarma for combo menu",
    "image_info": {
      "url": "https://134678221.cdn6.editmysite.com/uploads/1/3/4/6/134678221/UDK2N7LALWZFV6J6XQZUQ3WS.jpeg",
      "img_format": "JPEG",
      "mode": "RGB",
      "file_size": 447368,
      "width": 1920,
      "height": 1080,
      "total_pixels": 2073600,
      "basic_score": 0.7413689929576751,
      "file_name": "mixed-chicken-meat-shawarma-combo-platter-rice-salad.jpg"
    },
    "llm_score": {
      "success": true,
      "relevance_score": 100.0,
      "clarity_score": 95.0,
      "watermark_score": 100.0,
      "overall_score": 95.0,
      "explanation": "The image is perfectly relevant to the search query and prompt, showcasing a mixed chicken and meat shawarma combo platter. It features excellent clarity, appetizing presentation, and no watermarks, making it highly professional and suitable for a menu.",
      "file_name": "mixed-chicken-meat-shawarma-combo-platter-rice-salad.jpg",
      "caption": "A vibrant and generously portioned mixed shawarma combo platter, featuring tender seasoned chicken shawarma and savory meat (likely beef or lamb) shawarma, served alongside fragrant yellow rice, a fresh garden salad with diced tomatoes and cucumbers, pickled vegetables, sliced onions, and warm pita bread. This appetizing dish is perfectly presented for a restaurant menu.",
      "recommend": true,
      "error": ""
    }
  },
  {
    "query": "Mixed chicken and meat shawarma for combo menu",
    "image_info": {
      "url": "https://www.recipetineats.com/uploads/2017/01/Chicken-Shawarma-Wrap_3.jpg",
      "img_format": "JPEG",
      "mode": "RGB",
      "file_size": 66827,
      "width": 900,
      "height": 1125,
      "total_pixels": 1012500,
      "basic_score": 0.9085658724671614,
      "file_name": "appetizing-chicken-shawarma-wrap-combo-meal.jpg"
    },
    "llm_score": {
      "success": true,
      "relevance_score": 70.0,
      "clarity_score": 95.0,
      "watermark_score": 100.0,
      "overall_score": 90.0,
      "explanation": "The image features a visually appealing and well-prepared chicken shawarma wrap, which is highly relevant to the 'chicken shawarma' part of the query. However, the query and prompt specifically ask for 'mixed chicken and meat shawarma', implying a combination of different meat types (e.g., chicken and beef/lamb). The image only clearly displays chicken, reducing its relevance to the 'mixed meat' aspect. Clarity and overall professional quality are excellent, with no watermarks.",
      "file_name": "appetizing-chicken-shawarma-wrap-combo-meal.jpg",
      "caption": "A vibrant and appetizing close-up of a freshly prepared chicken shawarma wrap, generously filled with succulent, grilled chicken pieces, crisp green lettuce, juicy red tomato slices, red onions, and a creamy white sauce. The tortilla wrap is partially encased in crinkled silver foil, highlighting its readiness for consumption. Fresh cilantro leaves and a bright lemon wedge are visible in the background, adding to the fresh and flavorful presentation, ideal for a combo menu.",
      "recommend": true,
      "error": ""
    }
  },
  {
    "query": "Vegetarian falafel shawarma for vegetarian menu option",
    "image_info": {
      "url": "https://wkefbybaeklskadsmwlu.supabase.co/storage/v1/object/public/Recipe%20Images/87089_falafel-shawarma.webp",
      "img_format": "WEBP",
      "mode": "RGB",
      "file_size": 18090,
      "width": 512,
      "height": 512,
      "total_pixels": 262144,
      "basic_score": 0.781064461691271,
      "file_name": "vegetarian-falafel-shawarma-wraps-tahini-sauce.jpg"
    },
    "llm_score": {
      "success": true,
      "relevance_score": 98.0,
      "clarity_score": 92.0,
      "watermark_score": 100.0,
      "overall_score": 96.0,
      "explanation": "The image perfectly matches the search query and prompt, showcasing appetizing falafel wraps with fresh vegetables and a creamy sauce. The clarity, composition, and food styling are excellent, making it a highly professional and relevant image for a vegetarian menu option.",
      "file_name": "vegetarian-falafel-shawarma-wraps-tahini-sauce.jpg",
      "caption": "Two delicious vegetarian falafel wraps, presented open-faced, revealing crispy falafel balls, a vibrant mix of fresh lettuce, diced tomatoes, cucumbers, and red onion, all drizzled generously with a creamy tahini-style sauce. The wraps are served on a textured grey plate, highlighting their fresh and appetizing appearance, perfect for a healthy and flavorful vegetarian menu option.",
      "recommend": true,
      "error": ""
    }
  },
  {
    "query": "Vegetarian falafel shawarma for vegetarian menu option",
    "image_info": {
      "url": "https://angusandoink.com/cdn/shop/articles/Falafel-hero.webp?v=1728918352",
      "img_format": "JPEG",
      "mode": "RGB",
      "file_size": 327730,
      "width": 1500,
      "height": 1125,
      "total_pixels": 1687500,
      "basic_score": 0.8462534301721012,
      "file_name": "vegetarian_falafel_shawarma_pita_sandwich.jpg"
    },
    "llm_score": {
      "success": true,
      "relevance_score": 100.0,
      "clarity_score": 95.0,
      "watermark_score": 100.0,
      "overall_score": 95.0,
      "explanation": "The image is perfectly relevant to the search query, showcasing delicious-looking vegetarian falafel shawarma in pita bread. The clarity is excellent, and the composition is highly professional and appetizing with no watermarks. The seasoning jar explicitly labeled 'Shawarma' further reinforces the relevance.",
      "file_name": "vegetarian_falafel_shawarma_pita_sandwich.jpg",
      "caption": "A close-up, top-down shot of a person's hands holding a freshly prepared vegetarian falafel shawarma in a pita, generously filled with crispy falafel, creamy white sauce, vibrant pickled red onions, and fresh cucumber. Another pita sandwich and a small bowl of sauce are artfully arranged on a wooden serving tray, with a 'Rub Me Shawarma Lebanese Kebab' seasoning jar visible in the background, highlighting the authentic flavors.",
      "recommend": true,
      "error": ""
    }
  },
  {
    "query": "Vegetarian falafel shawarma for vegetarian menu option",
    "image_info": {
      "url": "https://simplyceecee.co/wp-content/uploads/2022/06/falafelfeature.jpg",
      "img_format": "JPEG",
      "mode": "RGB",
      "file_size": 90980,
      "width": 1200,
      "height": 1500,
      "total_pixels": 1800000,
      "basic_score": 0.7636502504318066,
      "file_name": "falafel_vegetarian_shawarma_pita_wrap_healthy_menu.jpg"
    },
    "llm_score": {
      "success": true,
      "relevance_score": 100.0,
      "clarity_score": 95.0,
      "watermark_score": 100.0,
      "overall_score": 95.0,
      "explanation": "The image perfectly matches the search query and prompt, featuring a visually appealing falafel wrap that clearly fits the 'vegetarian falafel shawarma' description for a menu. It is very clear, well-composed with excellent lighting, and free of any watermarks, making it highly professional and appetizing.",
      "file_name": "falafel_vegetarian_shawarma_pita_wrap_healthy_menu.jpg",
      "caption": "A close-up shot captures a hand holding a delicious and vibrant vegetarian falafel shawarma wrap. The warm pita bread is generously filled with crispy falafel balls, fresh green lettuce, diced red tomatoes, crisp cucumbers, thinly sliced red onions, and drizzled with a creamy white sauce, offering an enticing and healthy menu option.",
      "recommend": true,
      "error": ""
    }
  },
  {
    "query": "Vegetarian falafel shawarma for vegetarian menu option",
    "image_info": {
      "url": "https://plantbasedfolk.com/wp-content/uploads/2023/06/How-To-Make-A-Falafel-Pita-Sandwich.jpg",
      "img_format": "JPEG",
      "mode": "RGB",
      "file_size": 98941,
      "width": 1200,
      "height": 1200,
      "total_pixels": 1440000,
      "basic_score": 0.8783179828633724,
      "file_name": "vegetarian-falafel-shawarma-wraps-stacked.jpg"
    },
    "llm_score": {
      "success": true,
      "relevance_score": 98.0,
      "clarity_score": 95.0,
      "watermark_score": 100.0,
      "overall_score": 95.0,
      "explanation": "The image is highly relevant to the search query and prompt, clearly depicting multiple falafel wraps, which serve as an excellent vegetarian 'shawarma' option. It boasts excellent clarity, vibrant colors, and a professional composition with no watermarks, making it very appealing for a menu.",
      "file_name": "vegetarian-falafel-shawarma-wraps-stacked.jpg",
      "caption": "A tempting stack of freshly prepared vegetarian falafel wraps, sliced in half to showcase the delicious filling of golden-brown falafel patties, crisp lettuce, diced red tomatoes, thinly sliced radishes, and a creamy white sauce, all neatly rolled in soft flatbread. This vibrant dish is an ideal choice for a healthy and flavorful vegetarian menu option.",
      "recommend": true,
      "error": ""
    }
  },
  {
    "query": "Fresh ingredients vegetables hummus on table",
    "image_info": {
      "url": "https://www.thecookierookie.com/wp-content/uploads/2018/09/hummus-vegetable-board-10-of-10.jpg",
      "img_format": "JPEG",
      "mode": "RGB",
      "file_size": 158684,
      "width": 680,
      "height": 1020,
      "total_pixels": 693600,
      "basic_score": 0.8925867520090248,
      "file_name": "colorful_fresh_hummus_vegetable_platter.jpg"
    },
    "llm_score": {
      "success": true,
      "relevance_score": 100.0,
      "clarity_score": 95.0,
      "watermark_score": 100.0,
      "overall_score": 95.0,
      "explanation": "The image is an excellent match for the search query and prompt, showcasing a vibrant and appealing spread of fresh vegetables, hummus, and various accompaniments on a table. The clarity is very high, and there are no visible watermarks. The composition is professional and visually engaging.",
      "file_name": "colorful_fresh_hummus_vegetable_platter.jpg",
      "caption": "An overhead view of a beautifully arranged, vibrant appetizer platter featuring multiple bowls of hummus (some topped with roasted red pepper or zucchini), an assortment of fresh vegetables including sliced bell peppers (red, yellow, green), radishes, cherry tomatoes on the vine, snap peas, grilled avocado, and additional ingredients like olives with feta, blueberries, figs, crackers, and a jar of fruit spread, all set on a rustic wooden board.",
      "recommend": true,
      "error": ""
    }
  },
  {
    "query": "Fresh ingredients vegetables hummus on table",
    "image_info": {
      "url": "https://i2.wp.com/daniliciousdishes.com/wp-content/uploads/2020/04/Creamy-Hummus-Spring-Board-1-3.jpg?fit=610%2C915&ssl=1",
      "img_format": "JPEG",
      "mode": "RGB",
      "file_size": 146974,
      "width": 610,
      "height": 915,
      "total_pixels": 558150,
      "basic_score": 0.868598728856353,
      "file_name": "fresh_hummus_vegetable_platter_on_wood_board.jpg"
    },
    "llm_score": {
      "success": true,
      "relevance_score": 100.0,
      "clarity_score": 98.0,
      "watermark_score": 100.0,
      "overall_score": 98.0,
      "explanation": "The image perfectly matches the search query and prompt. It clearly displays fresh vegetables, hummus, and other ingredients arranged on a table. The clarity, composition, and lighting are excellent, making it a high-quality, professional photograph with no watermarks.",
      "file_name": "fresh_hummus_vegetable_platter_on_wood_board.jpg",
      "caption": "A vibrant, overhead shot of a fresh hummus and vegetable platter artfully arranged on a wooden serving board. The creamy hummus, drizzled with olive oil and garnished with parsley, is surrounded by colorful raw vegetables including bright green snap peas, multi-colored carrots (orange, yellow, and purple), sliced and whole radishes. Freshly baked naan or pita bread, lemon halves, and decorative edible flowers complete the healthy and appealing spread, with two glasses of water and a white linen cloth visible in the soft background.",
      "recommend": true,
      "error": ""
    }
  },
  {
    "query": "Fresh ingredients vegetables hummus on table",
    "image_info": {
      "url": "https://www.healthnutnutrition.ca/wp-content/uploads/2018/11/IMG_3198-700x1050.jpg",
      "img_format": "JPEG",
      "mode": "RGB",
      "file_size": 124793,
      "width": 700,
      "height": 1050,
      "total_pixels": 735000,
      "basic_score": 0.8944255142808625,
      "file_name": "vibrant_veggie_hummus_dip_board.jpg"
    },
    "llm_score": {
      "success": true,
      "relevance_score": 100.0,
      "clarity_score": 95.0,
      "watermark_score": 100.0,
      "overall_score": 98.0,
      "explanation": "The image perfectly matches the search query and prompt, featuring a vibrant array of fresh vegetables and three distinct, colorful hummus dips beautifully arranged on a wooden board. The clarity is excellent, and there are no watermarks. The composition and lighting are professional and highly appealing.",
      "file_name": "vibrant_veggie_hummus_dip_board.jpg",
      "caption": "A vibrant and colorful platter showcasing an assortment of fresh, raw vegetables, including carrots, purple radishes, watermelon radishes, cherry tomatoes, celery sticks, cucumber slices, and whole radishes, artfully arranged around three bowls of creamy, homemade hummus or vegetable dips. The dips feature different colors, such as a rich red beet hummus topped with feta and pine nuts, a bright yellow turmeric hummus garnished with pomegranate seeds, and a pinkish-purple beet hummus with fresh herbs, all presented on a rustic wooden serving board.",
      "recommend": true,
      "error": ""
    }
  },
  {
    "query": "Fresh ingredients vegetables hummus on table",
    "image_info": {
      "url": "https://www.twopeasandtheirpod.com/wp-content/uploads/2016/04/Veggie-Hummus-2.jpg",
      "img_format": "JPEG",
      "mode": "RGB",
      "file_size": 143037,
      "width": 650,
      "height": 992,
      "total_pixels": 644800,
      "basic_score": 0.8830458143192161,
      "file_name": "colorful_vegetable_crudites_hummus_platter.jpg"
    },
    "llm_score": {
      "success": true,
      "relevance_score": 100.0,
      "clarity_score": 95.0,
      "watermark_score": 100.0,
      "overall_score": 95.0,
      "explanation": "The image is perfectly relevant to the search query and prompt, showcasing fresh vegetables and hummus ingredients with exceptional clarity and vibrant colors. The composition is professional, and there are no watermarks.",
      "file_name": "colorful_vegetable_crudites_hummus_platter.jpg",
      "caption": "A vibrant overhead shot of a white bowl filled with creamy hummus, generously topped with diced red bell peppers, yellow bell peppers, and fresh cucumber, garnished with parsley. The hummus is surrounded by a colorful array of fresh vegetables, including bright orange carrots, distinct purple cauliflower florets, crisp green broccoli, cherry tomatoes, and golden-brown pita bread triangles, creating an inviting and healthy appetizer or snack display.",
      "recommend": true,
      "error": ""
    }
  },
  {
    "query": "Night view food truck with lights park setting",
    "image_info": {
      "url": "https://media.istockphoto.com/id/1393622626/photo/food-truck-court.jpg?s=612x612&w=0&k=20&c=k0hPtkZlHrVR1ta-e_KQL199NOuDHdEHhs_eI20L3nI=",
      "img_format": "JPEG",
      "mode": "RGB",
      "file_size": 40523,
      "width": 612,
      "height": 490,
      "total_pixels": 299880,
      "basic_score": 0.7852521314052653,
      "file_name": "night_food_truck_park_event_lights_outdoor_dining.jpg"
    },
    "llm_score": {
      "success": true,
      "relevance_score": 100.0,
      "clarity_score": 90.0,
      "watermark_score": 100.0,
      "overall_score": 95.0,
      "explanation": "The image perfectly matches the search query and prompt, featuring multiple food trucks illuminated by string lights and their own glowing signs, set in an outdoor park-like environment at night. The clarity is excellent for a nighttime photograph, capturing details and the atmospheric lighting well, with no watermarks present. The composition effectively conveys a vibrant and inviting outdoor dining experience.",
      "file_name": "night_food_truck_park_event_lights_outdoor_dining.jpg",
      "caption": "A vibrant nighttime scene at an outdoor food truck event, showcasing several brightly lit food trucks, string lights overhead, and groups of people enjoying food and drinks at picnic tables. The dark blue sky, dotted with stars, adds to the atmospheric charm of the park setting.",
      "recommend": true,
      "error": ""
    }
  },
  {
    "query": "Night view food truck with lights park setting",
    "image_info": {
      "url": "https://static.laketravis.com/wp-content/uploads/2021/04/waypoint-food-truck-park-01.jpg",
      "img_format": "JPEG",
      "mode": "RGB",
      "file_size": 443406,
      "width": 1440,
      "height": 1080,
      "total_pixels": 1555200,
      "basic_score": 0.8880821388970659,
      "file_name": "food-truck-night-market-lights-park-outdoor-event.jpg"
    },
    "llm_score": {
      "success": true,
      "relevance_score": 100.0,
      "clarity_score": 85.0,
      "watermark_score": 100.0,
      "overall_score": 95.0,
      "explanation": "The image perfectly matches the search query and prompt, showcasing a night view of food trucks in a park-like setting adorned with string lights. Clarity is good, capturing the ambiance effectively, and there are no visible watermarks. The composition is excellent, creating an inviting and lively scene.",
      "file_name": "food-truck-night-market-lights-park-outdoor-event.jpg",
      "caption": "A vibrant night scene at an outdoor food truck event, featuring multiple food trucks illuminated by the warm glow of string lights strung between large trees. People are gathered at picnic tables and socializing on a grassy lawn, enjoying the lively atmosphere. In the background, additional food trucks and a playground structure are visible, typical of a bustling night market or outdoor festival in a park.",
      "recommend": true,
      "error": ""
    }
  },
  {
    "query": "Night view food truck with lights park setting",
    "image_info": {
      "url": "http://www.wiscassetnewspaper.com/sites/default/files/2020/11/field/image/_DSC0127.JPG",
      "img_format": "JPEG",
      "mode": "RGB",
      "file_size": 64015,
      "width": 800,
      "height": 534,
      "total_pixels": 427200,
      "basic_score": 0.8317745592668209,
      "file_name": "night_food_truck_event_park_string_lights.jpg"
    },
    "llm_score": {
      "success": true,
      "relevance_score": 100.0,
      "clarity_score": 80.0,
      "watermark_score": 100.0,
      "overall_score": 90.0,
      "explanation": "The image perfectly matches the search query and prompt, depicting a night view of food trucks in a park setting, beautifully illuminated by string lights. Clarity is good for a night shot, though some areas are softly focused. There are no watermarks, and the overall composition and atmosphere are excellent, conveying a festive event.",
      "file_name": "night_food_truck_event_park_string_lights.jpg",
      "caption": "An inviting night view of a lively outdoor food truck event in a park-like setting, adorned with abundant string lights strung overhead. People gather around a red food truck serving pizza and a stall named 'FOOD TRUCKS A-GO,' while others sit at wooden picnic tables on the grassy ground, enjoying the festive atmosphere and food under the glowing lights.",
      "recommend": true,
      "error": ""
    }
  },
  {
    "query": "Happy customers eating at outdoor food truck",
    "image_info": {
      "url": "https://foodtrucksheaven.com/wp-content/uploads/2023/10/multiracial-people-eating-food-truck-gourmet-food-outdoor-healthy-meal-dinner-concept-focus-african-woman-face_166273-1652.jpg",
      "img_format": "JPEG",
      "mode": "RGB",
      "file_size": 83472,
      "width": 900,
      "height": 600,
      "total_pixels": 540000,
      "basic_score": 0.8659438862864389,
      "file_name": "happy_food_truck_customers_eating_outdoor.jpg"
    },
    "llm_score": {
      "success": true,
      "relevance_score": 98.0,
      "clarity_score": 95.0,
      "watermark_score": 100.0,
      "overall_score": 96.0,
      "explanation": "The image perfectly matches the search query and prompt, depicting happy customers enjoying food from a food truck in an outdoor setting. The clarity is excellent, with sharp details and good lighting. There are no watermarks, and the overall composition and quality are highly professional and appealing.",
      "file_name": "happy_food_truck_customers_eating_outdoor.jpg",
      "caption": "A diverse group of happy customers enjoys food from a dark grey food truck in an outdoor setting during what appears to be golden hour. Two women are seated at a wooden table, eating from bowls, while other customers stand near the food truck, ordering and socializing. String lights adorn the food truck, adding to the festive atmosphere. A food vendor is visible inside the truck.",
      "recommend": true,
      "error": ""
    }
  }
]